year,product_code,pci
1995,01,-0.408662920817733
1996,01,-0.487464687476556
1997,01,-0.346050670991341
1998,01,-0.447965584695339
1999,01,-0.494125368573198
2000,01,-0.541765215496222
2001,01,-0.722323592752218
2002,01,-0.680754748483499
2003,01,-0.777073609332244
2004,01,-0.640407477815946
2005,01,-0.720252171158791
2006,01,-0.440576963126659
2007,01,-0.493370539198319
2008,01,-0.496401323005557
2009,01,-0.46492051333189
2010,01,-0.509200772891442
2011,01,-0.482586339116097
2012,01,-0.540095911671718
2013,01,-0.445438422262669
2014,01,-0.486713765189052
2015,01,-0.638086907565594
2016,01,-0.542233631635706
2017,01,-0.577496950825056
1995,02,0.0253505367785692
1996,02,-0.0247818827629089
1997,02,-0.0621639296412468
1998,02,-0.0812469318509102
1999,02,-0.268136538937688
2000,02,-0.0630061260424554
2001,02,0.0442090345546603
2002,02,0.0216762229800224
2003,02,0.0133662099018693
2004,02,0.0103868179023266
2005,02,-0.118443712592125
2006,02,-0.205388480424881
2007,02,-0.132812705636024
2008,02,0.00376801956444979
2009,02,-0.0636258030310273
2010,02,-0.110198307037354
2011,02,-0.121852080523968
2012,02,-0.0645771510899067
2013,02,-0.163855166733265
2014,02,-0.198860946297646
2015,02,-0.176317620277405
2016,02,-0.232406213134527
2017,02,-0.340736353397369
1995,03,-1.8609059708459
1996,03,-1.87584108965737
1997,03,-1.84436907087054
1998,03,-1.85452619620732
1999,03,-1.72093880176544
2000,03,-1.78832066059113
2001,03,-1.6593439749309
2002,03,-1.59620870862688
2003,03,-1.59869456291199
2004,03,-1.60559163774763
2005,03,-1.63742646149227
2006,03,-1.59589748723166
2007,03,-1.51161406721388
2008,03,-1.53258895874023
2009,03,-1.57432745184217
2010,03,-1.45647667135511
2011,03,-1.3738642505237
2012,03,-1.47528643267495
2013,03,-1.39948601382119
2014,03,-1.49336983476366
2015,03,-1.45027896336147
2016,03,-1.40915206500462
2017,03,-1.5285929952349
1995,04,0.0127871943637729
1996,04,-0.0117423824965954
1997,04,-0.054012356325984
1998,04,-0.0480843596160412
1999,04,-0.0622344046831131
2000,04,-0.100680609792471
2001,04,-0.0143613591790199
2002,04,-0.15209232494235
2003,04,-0.0997912473976612
2004,04,-0.0202502869069576
2005,04,-0.109108396060765
2006,04,-0.102911696769297
2007,04,-0.10068344771862
2008,04,-0.179729494103231
2009,04,-0.123851995915174
2010,04,-0.206279411911964
2011,04,-0.13233349788934
2012,04,-0.039846074488014
2013,04,-0.158560813963413
2014,04,-0.210739162564278
2015,04,-0.273921712487936
2016,04,-0.209208402037621
2017,04,-0.162860827893019
1995,05,-1.10323495756496
1996,05,-1.136831370267
1997,05,-1.13110573996197
1998,05,-1.10268102992665
1999,05,-1.10292313586582
2000,05,-1.00757785006003
2001,05,-1.1068322956562
2002,05,-0.902083491737192
2003,05,-0.983873567797921
2004,05,-0.841814614155076
2005,05,-1.05133424563841
2006,05,-0.969436585903168
2007,05,-0.962715768001296
2008,05,-0.947405605153604
2009,05,-1.0265503207391
2010,05,-0.806816598773003
2011,05,-0.867815601554784
2012,05,-0.865043290636756
2013,05,-0.598676090890711
2014,05,-0.747109255181964
2015,05,-0.559929974377155
2016,05,-0.566158274357969
2017,05,-0.682330870628357
1995,06,-0.971776649355888
1996,06,-1.1551823541522
1997,06,-1.00369317666627
1998,06,-1.19041611254215
1999,06,-1.11314284428954
2000,06,-1.18262341618538
2001,06,-1.10533369332552
2002,06,-1.0933460816741
2003,06,-1.1026253849268
2004,06,-1.15219194442034
2005,06,-1.21401435136795
2006,06,-1.12092722952366
2007,06,-1.33684159815311
2008,06,-1.27129742503166
2009,06,-1.18091535568237
2010,06,-1.06627997756004
2011,06,-0.975015595555305
2012,06,-0.971209287643433
2013,06,-1.14914651215076
2014,06,-1.1974438726902
2015,06,-1.11290094256401
2016,06,-0.860222399234772
2017,06,-1.05190326273441
1995,07,-0.941873696233545
1996,07,-0.979393089589264
1997,07,-1.05751158722809
1998,07,-1.25513229838439
1999,07,-1.11689753990088
2000,07,-1.20750932182584
2001,07,-1.19235418524061
2002,07,-1.18370507870402
2003,07,-1.08412808818477
2004,07,-1.13261239549943
2005,07,-1.1316914851112
2006,07,-1.15912525036505
2007,07,-1.13448528732572
2008,07,-1.1914503610959
2009,07,-1.15202076094491
2010,07,-1.1507492597614
2011,07,-1.26051243926798
2012,07,-1.19040064087936
2013,07,-1.20894280235682
2014,07,-1.30231377695288
2015,07,-1.23020237152066
2016,07,-1.52475609098162
2017,07,-1.38716337936265
1995,08,-1.09090841455119
1996,08,-1.19702641027314
1997,08,-1.1372584849596
1998,08,-1.25797936746052
1999,08,-1.2508538876261
2000,08,-1.22662148305348
2001,08,-1.19004389643669
2002,08,-1.23735709701266
2003,08,-1.15612300591809
2004,08,-1.24712911886828
2005,08,-1.15605185713087
2006,08,-1.21062627221857
2007,08,-1.12218419675316
2008,08,-1.17664246367557
2009,08,-1.1834057867527
2010,08,-1.23398745911462
2011,08,-1.28954529123647
2012,08,-1.28155700223786
2013,08,-1.24289698260171
2014,08,-1.34594419385706
2015,08,-1.33037339363779
2016,08,-1.56028886352267
2017,08,-1.43853435133185
1995,09,-1.86497259140015
1996,09,-1.91669472455978
1997,09,-1.83472100496292
1998,09,-1.80066702365875
1999,09,-1.71512751579285
2000,09,-1.76500129699707
2001,09,-1.64754776954651
2002,09,-1.74340019226074
2003,09,-1.8819473028183
2004,09,-1.68041077852249
2005,09,-1.77482753992081
2006,09,-1.7444636464119
2007,09,-1.62150760889053
2008,09,-1.69691982269287
2009,09,-1.51242936253548
2010,09,-1.51359186172485
2011,09,-1.56299841403961
2012,09,-1.62078087329865
2013,09,-1.67983796596527
2014,09,-1.70303210020065
2015,09,-1.58688839673996
2016,09,-1.61399011611938
2017,09,-1.64510840177536
1995,10,-0.442294426262379
1996,10,-0.621718686074019
1997,10,-0.724676849786192
1998,10,-0.441466944292188
1999,10,-0.662861060089199
2000,10,-0.583319311961532
2001,10,-0.649616210488603
2002,10,-0.711747439578176
2003,10,-0.488799650222063
2004,10,-0.73024901561439
2005,10,-0.712995222769678
2006,10,-0.75630809366703
2007,10,-0.623014152981341
2008,10,-0.866308778524399
2009,10,-0.593621912412345
2010,10,-0.621470851823688
2011,10,-0.560753863304853
2012,10,-0.637192329973914
2013,10,-0.689464221708477
2014,10,-0.740960507420823
2015,10,-0.669660330517218
2016,10,-0.528480032458901
2017,10,-0.578657874371857
1995,11,-0.381168233023749
1996,11,-0.351075086328718
1997,11,-0.476217700375451
1998,11,-0.452235851378646
1999,11,-0.330039869373043
2000,11,-0.485463042226103
2001,11,-0.467686800493134
2002,11,-0.504477711187469
2003,11,-0.588195863697264
2004,11,-0.687616950935788
2005,11,-0.659569720013274
2006,11,-0.609844650245375
2007,11,-0.571722754173809
2008,11,-0.685176201992565
2009,11,-0.608314165638553
2010,11,-0.56330404844549
2011,11,-0.608968134555552
2012,11,-0.551974798242251
2013,11,-0.616094160643924
2014,11,-0.677237487501568
2015,11,-0.637867034723361
2016,11,-0.549028897037109
2017,11,-0.439688204891152
1995,12,-0.972691055919443
1996,12,-1.0706092353378
1997,12,-1.06236926466227
1998,12,-0.927495225199631
1999,12,-0.993897457207952
2000,12,-1.08408318805907
2001,12,-1.03462298853057
2002,12,-0.932066652391638
2003,12,-1.0695728076888
2004,12,-1.11999007899846
2005,12,-1.09586517087051
2006,12,-1.11858321713018
2007,12,-1.15036188332098
2008,12,-1.15013532127653
2009,12,-1.08826066147802
2010,12,-1.06224451586604
2011,12,-1.14979115660701
2012,12,-1.04500035409416
2013,12,-1.20087990696941
2014,12,-1.15015541748809
2015,12,-1.07437441710915
2016,12,-1.20567755001996
2017,12,-1.11481564013021
1995,13,-1.57747846841812
1996,13,-1.66136199235916
1997,13,-1.57332575321198
1998,13,-1.43206882476807
1999,13,-1.38730770349503
2000,13,-1.38277944922447
2001,13,-1.41505765914917
2002,13,-1.22787213325501
2003,13,-1.28121200203896
2004,13,-1.4978811442852
2005,13,-1.45208352804184
2006,13,-1.35669556260109
2007,13,-1.51075059175491
2008,13,-1.36042040586472
2009,13,-1.41627398133278
2010,13,-1.446129322052
2011,13,-1.58549240231514
2012,13,-2.35195791721344
2013,13,-2.05839347839355
2014,13,-1.8126232624054
2015,13,-1.76678410172462
2016,13,-1.90419334173203
2017,13,-1.83856618404388
1995,14,-1.66544812917709
1996,14,-1.57307261228561
1997,14,-1.68026062846184
1998,14,-1.76121324300766
1999,14,-1.4531344473362
2000,14,-1.66319835186005
2001,14,-1.69266328215599
2002,14,-1.51077091693878
2003,14,-1.44792026281357
2004,14,-1.62073692679405
2005,14,-1.53836208581924
2006,14,-1.65345272421837
2007,14,-1.79377081990242
2008,14,-1.94475227594376
2009,14,-1.45659923553467
2010,14,-1.1719556748867
2011,14,-1.7587765455246
2012,14,-1.21381410956383
2013,14,-1.28940564021468
2014,14,-1.24530752003193
2015,14,-1.06778870771329
2016,14,-1.09396619598071
2017,14,-0.610974748929342
1995,15,-0.488582340455402
1996,15,-0.616506476886571
1997,15,-0.564267569644885
1998,15,-0.605796633457596
1999,15,-0.559668637473475
2000,15,-0.718951840292324
2001,15,-0.666956843977625
2002,15,-0.563419811596925
2003,15,-0.580597578463229
2004,15,-0.634548195045103
2005,15,-0.632200151512569
2006,15,-0.687629492276094
2007,15,-0.718976866115223
2008,15,-0.696878376670859
2009,15,-0.725135971199383
2010,15,-0.594783771137538
2011,15,-0.560117528519847
2012,15,-0.556057197803801
2013,15,-0.579335433684967
2014,15,-0.65817560441792
2015,15,-0.6209939526902
2016,15,-0.742549519647251
2017,15,-0.669769564812834
1995,16,-0.824859422445297
1996,16,-0.742030316591263
1997,16,-0.964576953649521
1998,16,-0.734415775537491
1999,16,-0.852412724494934
2000,16,-0.743361826986074
2001,16,-0.643055963516235
2002,16,-0.699707594513893
2003,16,-0.70027976334095
2004,16,-0.754003886179999
2005,16,-0.586930861510336
2006,16,-0.518356371670961
2007,16,-0.624394455552101
2008,16,-0.554877188801765
2009,16,-0.595151145756245
2010,16,-0.606151846051216
2011,16,-0.582240810990334
2012,16,-0.611063712090254
2013,16,-0.626010027527809
2014,16,-0.687237843871117
2015,16,-0.609204684197903
2016,16,-0.493495278432965
2017,16,-0.662840315699577
1995,17,-0.660308919847012
1996,17,-0.867153257131577
1997,17,-0.844617776572704
1998,17,-0.814106579869986
1999,17,-0.845580063760281
2000,17,-0.895115908235312
2001,17,-1.13721700012684
2002,17,-0.851165235042572
2003,17,-0.904619079083204
2004,17,-0.90112341567874
2005,17,-0.923506233841181
2006,17,-0.902926092036068
2007,17,-0.919248893857002
2008,17,-0.959027241915464
2009,17,-0.903053373098373
2010,17,-1.06043795123696
2011,17,-0.962073327973485
2012,17,-0.788131751120091
2013,17,-0.851843617856503
2014,17,-0.890604514628649
2015,17,-0.804276868700981
2016,17,-0.877340234816074
2017,17,-0.975725213997066
1995,18,-1.54675846298536
1996,18,-1.61480345328649
1997,18,-1.59352001547813
1998,18,-1.63289733727773
1999,18,-1.48453373710314
2000,18,-1.43097873528798
2001,18,-1.54421780755123
2002,18,-1.57660840948423
2003,18,-1.35207190116247
2004,18,-1.68736882756154
2005,18,-1.41672478926679
2006,18,-1.64348169540366
2007,18,-1.49482042094072
2008,18,-1.54055230816205
2009,18,-1.50158132612705
2010,18,-1.31290207058191
2011,18,-1.02393415818612
2012,18,-1.25941928476095
2013,18,-1.10039186974367
2014,18,-1.0289332245787
2015,18,-0.914634130895138
2016,18,-1.12010437871019
2017,18,-1.19772541771332
1995,19,-0.455411287769675
1996,19,-0.435185910016298
1997,19,-0.317812395095825
1998,19,-0.47790253162384
1999,19,-0.496756240725517
2000,19,-0.571605362743139
2001,19,-0.547783812880516
2002,19,-0.601767440140247
2003,19,-0.627980023622513
2004,19,-0.505507614975795
2005,19,-0.643277060985565
2006,19,-0.610683864355087
2007,19,-0.677070504426956
2008,19,-0.653127234429121
2009,19,-0.628909574449062
2010,19,-0.648958542570472
2011,19,-0.664773118495941
2012,19,-0.599484919011593
2013,19,-0.657491458207369
2014,19,-0.638538525998592
2015,19,-0.61003485918045
2016,19,-0.706753712892532
2017,19,-0.641344498097897
1995,20,-0.709281365076701
1996,20,-0.79780724313524
1997,20,-0.653477993276384
1998,20,-0.7139415451222
1999,20,-0.744346701436573
2000,20,-0.764886347783936
2001,20,-0.706241640779707
2002,20,-0.660239772664176
2003,20,-0.699963046444787
2004,20,-0.664822840028339
2005,20,-0.618620818273889
2006,20,-0.621974204977354
2007,20,-0.762527485688528
2008,20,-0.744811952941948
2009,20,-0.721914481785562
2010,20,-0.716343161132601
2011,20,-0.585455844799678
2012,20,-0.546535649233394
2013,20,-0.616864163014624
2014,20,-0.683017272916105
2015,20,-0.702895873950587
2016,20,-0.647309106257227
2017,20,-0.612202266024219
1995,21,-0.363988680144151
1996,21,-0.428942773491144
1997,21,-0.394787130256494
1998,21,-0.331378286083539
1999,21,-0.292518592129151
2000,21,-0.413735565030947
2001,21,-0.405984733253717
2002,21,-0.54140912865599
2003,21,-0.37205543431143
2004,21,-0.171280164892475
2005,21,-0.268841653130949
2006,21,-0.220669627189636
2007,21,-0.266561479928593
2008,21,-0.203925258480012
2009,21,-0.166780035166691
2010,21,-0.195850662887096
2011,21,-0.210270351419846
2012,21,-0.268029804031054
2013,21,-0.269655996312698
2014,21,-0.374553275605043
2015,21,-0.453926506607483
2016,21,-0.372430428862572
2017,21,-0.289261307567358
1995,22,-0.346942748460505
1996,22,-0.24970930069685
1997,22,-0.369787060552173
1998,22,-0.345680687369572
1999,22,-0.551270483268632
2000,22,-0.417863452600108
2001,22,-0.446454702566067
2002,22,-0.508335509027044
2003,22,-0.511530120339659
2004,22,-0.411248798171679
2005,22,-0.498696097069317
2006,22,-0.586438930696911
2007,22,-0.457275660501586
2008,22,-0.444209717628029
2009,22,-0.360439758747816
2010,22,-0.465013767961257
2011,22,-0.467105279366175
2012,22,-0.397153690457344
2013,22,-0.46909048077133
2014,22,-0.524881214627789
2015,22,-0.470502101712757
2016,22,-0.482234971597791
2017,22,-0.426600385664238
1995,23,-1.04685913274686
1996,23,-1.03601435489125
1997,23,-1.03513018786907
1998,23,-0.972202313443025
1999,23,-0.900703380505244
2000,23,-1.02292890515592
2001,23,-1.04919757942359
2002,23,-0.847370236698124
2003,23,-1.02089333865378
2004,23,-1.01732887327671
2005,23,-0.851824384596613
2006,23,-1.07670212454266
2007,23,-0.96388818240828
2008,23,-0.988161772489548
2009,23,-0.750521995955043
2010,23,-0.733873085843192
2011,23,-0.765706265966098
2012,23,-0.69457987199227
2013,23,-0.941704200373756
2014,23,-0.892256312900119
2015,23,-0.807865801784727
2016,23,-0.871782749891281
2017,23,-0.924074431260427
1995,24,-0.801572307323416
1996,24,-0.856628865003586
1997,24,-1.10757058858871
1998,24,-0.970035687088966
1999,24,-0.854149182637533
2000,24,-0.867990533510844
2001,24,-0.924038936694463
2002,24,-0.926685849825541
2003,24,-1.01305695374807
2004,24,-1.00278526544571
2005,24,-1.16221962372462
2006,24,-1.13213258981705
2007,24,-1.04435547192891
2008,24,-0.921009610096614
2009,24,-1.01390500863393
2010,24,-0.973430971304576
2011,24,-1.03220156828562
2012,24,-0.875660608212153
2013,24,-0.974186321099599
2014,24,-0.941824108362198
2015,24,-0.89418892065684
2016,24,-0.940336585044861
2017,24,-1.09254515171051
1995,25,-0.469070813053986
1996,25,-0.479483373121669
1997,25,-0.505621642060578
1998,25,-0.458276415492098
1999,25,-0.460605929341788
2000,25,-0.47395786413302
2001,25,-0.60552951010565
2002,25,-0.523080417748618
2003,25,-0.59060179417332
2004,25,-0.55486378322045
2005,25,-0.47880805482467
2006,25,-0.584965548415979
2007,25,-0.636040148014824
2008,25,-0.697802101807862
2009,25,-0.725873668132157
2010,25,-0.736615285277367
2011,25,-0.729413497550734
2012,25,-0.761647193853198
2013,25,-0.736085697494704
2014,25,-0.74571061361549
2015,25,-0.713725894239956
2016,25,-0.747865169244851
2017,25,-0.773138161877106
1995,26,-1.08931052773481
1996,26,-0.838726390685354
1997,26,-0.836441729018199
1998,26,-0.873512669776877
1999,26,-0.948811450529666
2000,26,-0.930422686040401
2001,26,-1.10651126716818
2002,26,-1.11532021775132
2003,26,-1.25004200105156
2004,26,-1.18915166883242
2005,26,-1.26645764832695
2006,26,-1.36670457110519
2007,26,-1.36554351165181
2008,26,-1.59717845065253
2009,26,-1.54485783158314
2010,26,-1.48039105570032
2011,26,-1.48438636036146
2012,26,-1.56442317437558
2013,26,-1.61795703392653
2014,26,-1.62213290447281
2015,26,-1.71153837584314
2016,26,-1.59089133285341
2017,26,-1.72900779589656
1995,27,-0.369487599964486
1996,27,-0.268356182146817
1997,27,-0.482210650807247
1998,27,-0.407048713415861
1999,27,-0.463659904431552
2000,27,-0.53199344035238
2001,27,-0.638566841284046
2002,27,-0.480029609287158
2003,27,-0.563902047462761
2004,27,-0.427699918160215
2005,27,-0.380442797788419
2006,27,-0.528446178883314
2007,27,-0.547876829805318
2008,27,-0.670552260009572
2009,27,-0.629083371721208
2010,27,-0.683297237148508
2011,27,-0.7975910352543
2012,27,-0.854584955610335
2013,27,-0.701223141048104
2014,27,-0.754069721791893
2015,27,-0.823684394359589
2016,27,-0.721885463222861
2017,27,-0.679806277621537
1995,28,0.271719920330261
1996,28,0.293138117867285
1997,28,0.30127894797125
1998,28,0.291188813728285
1999,28,0.334348402442593
2000,28,0.367350926878406
2001,28,0.244043946339219
2002,28,0.231489071339442
2003,28,0.233350882404849
2004,28,0.279362667493486
2005,28,0.370821992921479
2006,28,0.271848683628966
2007,28,0.223943383866629
2008,28,0.0704983325638608
2009,28,0.13851456439086
2010,28,0.0474019296029035
2011,28,0.0669370314891578
2012,28,0.0847902803627007
2013,28,0.0403754135922474
2014,28,0.0617877518091643
2015,28,0.122127325812756
2016,28,0.0753905943768355
2017,28,0.028719351097357
1995,29,0.840004422657547
1996,29,0.883846857185875
1997,29,1.00555871267404
1998,29,0.965607962848264
1999,29,0.963832169948589
2000,29,1.00018855885026
2001,29,1.07325724397032
2002,29,1.11022611796146
2003,29,1.01359549005117
2004,29,1.01406564066807
2005,29,0.955787075417382
2006,29,0.979389587151153
2007,29,0.987707798191834
2008,29,0.991161876845928
2009,29,1.00659393829604
2010,29,1.01764652434559
2011,29,0.944811521896294
2012,29,0.875023003933685
2013,29,0.987589534549486
2014,29,0.965800298377872
2015,29,0.915603595475356
2016,29,0.843376277679844
2017,29,0.825573585960748
1995,30,0.677821025252342
1996,30,0.641040965914726
1997,30,0.67482952028513
1998,30,0.889592091242472
1999,30,0.8375250796477
2000,30,0.715470696489016
2001,30,0.749562640984853
2002,30,0.804122924804688
2003,30,0.820292790730794
2004,30,0.96873044470946
2005,30,0.8008737017711
2006,30,0.84004578491052
2007,30,0.840066971878211
2008,30,0.898986056447029
2009,30,1.01421922445297
2010,30,0.836399724086126
2011,30,0.851897721489271
2012,30,0.750087967763344
2013,30,0.851002166668574
2014,30,0.770699544499318
2015,30,0.665526580065489
2016,30,0.777833084265391
2017,30,0.752343939617276
1995,31,-0.464517533034086
1996,31,-0.550778299570084
1997,31,-0.468793148268014
1998,31,-0.47122392654419
1999,31,-0.659581609070301
2000,31,-0.476714283227921
2001,31,-0.642596863210201
2002,31,-0.53133270740509
2003,31,-0.623877120018005
2004,31,-0.360961651802063
2005,31,-0.436037635803223
2006,31,-0.489483726024628
2007,31,-0.464622530527413
2008,31,-0.656719362735748
2009,31,-0.711119961738586
2010,31,-0.587477996945381
2011,31,-0.783618479967117
2012,31,-0.665398329496384
2013,31,-0.798282438516617
2014,31,-0.702210015058518
2015,31,-0.691546231508255
2016,31,-0.901478946208954
2017,31,-0.895926022529602
1995,32,0.447942620764176
1996,32,0.473157665381829
1997,32,0.508437267690897
1998,32,0.445780356725057
1999,32,0.540761975757778
2000,32,0.527718657130996
2001,32,0.434652423175673
2002,32,0.408580069430172
2003,32,0.42604238341252
2004,32,0.48123013873895
2005,32,0.389847440893451
2006,32,0.337931407491366
2007,32,0.481690783301989
2008,32,0.364136335564156
2009,32,0.412600913147132
2010,32,0.372439160446326
2011,32,0.410814002156258
2012,32,0.417763864497344
2013,32,0.401454384873311
2014,32,0.302383265892665
2015,32,0.335296904792388
2016,32,0.197841111943126
2017,32,0.253177767867843
1995,33,-0.120734721555242
1996,33,-0.15774426363974
1997,33,-0.0674237236380577
1998,33,-0.046151553945882
1999,33,-0.00902686268091202
2000,33,-0.174882186310632
2001,33,-0.129135325551033
2002,33,-0.150781174057296
2003,33,-0.151373454901789
2004,33,-0.00151691426123892
2005,33,0.0314909060086523
2006,33,0.0647550565855844
2007,33,0.0428979971579143
2008,33,0.0184525017227445
2009,33,0.00329815809215818
2010,33,0.108440294329609
2011,33,0.022233210504055
2012,33,-0.0314977743130709
2013,33,-0.00132445485464164
2014,33,0.019144808607442
2015,33,-0.0118005455005914
2016,33,0.00323615542479924
2017,33,-0.0976663721459252
1995,34,0.446151878903038
1996,34,0.366411508992314
1997,34,0.362540255766362
1998,34,0.289729104959406
1999,34,0.435541804181412
2000,34,0.400541054084897
2001,34,0.293783676810563
2002,34,0.280265349894762
2003,34,0.265102408826351
2004,34,0.356459397822619
2005,34,0.400129454210401
2006,34,0.403395818546414
2007,34,0.439254924654961
2008,34,0.341558511601761
2009,34,0.395953199826181
2010,34,0.409872571472079
2011,34,0.424821266904473
2012,34,0.301189279649407
2013,34,0.39194447780028
2014,34,0.313998783414718
2015,34,0.298344602808356
2016,34,0.403338517993689
2017,34,0.488482752814889
1995,35,0.622362191478411
1996,35,0.703738157947858
1997,35,0.63950819009915
1998,35,0.620975350340208
1999,35,0.754652013381322
2000,35,0.747025867303213
2001,35,0.750461911161741
2002,35,0.702398990591367
2003,35,0.922646631797155
2004,35,0.868103345235189
2005,35,0.858033905426661
2006,35,0.667349701126417
2007,35,0.62949833025535
2008,35,0.638697495063146
2009,35,0.55563726524512
2010,35,0.688774476448695
2011,35,0.682920490701993
2012,35,0.626107218364875
2013,35,0.530440376450618
2014,35,0.61753852913777
2015,35,0.706259018431107
2016,35,0.45558807750543
2017,35,0.471517585606004
1995,36,-0.248811580240726
1996,36,0.0682227561871211
1997,36,-0.0374136889974276
1998,36,-0.1024133314689
1999,36,-0.28572091460228
2000,36,-0.132589850574732
2001,36,-0.0414833376804988
2002,36,-0.204135288794835
2003,36,-0.0462350522478422
2004,36,-0.0378642827272415
2005,36,-0.239436785380046
2006,36,-0.0625444973508517
2007,36,-0.266977479060491
2008,36,-0.411687056223551
2009,36,-0.240659301479658
2010,36,-0.0769590213894844
2011,36,-0.10032664736112
2012,36,-0.242740752796332
2013,36,-0.395432233810425
2014,36,-0.389969965132574
2015,36,-0.573530954619249
2016,36,-0.170432046055794
2017,36,-0.178772660593192
1995,37,0.698710858821869
1996,37,1.02717100935323
1997,37,1.09132773668638
1998,37,1.0871727610273
1999,37,0.995378584201847
2000,37,1.03978366298335
2001,37,0.932229014379638
2002,37,0.964348723845822
2003,37,1.00198359148843
2004,37,1.0378398373723
2005,37,1.22051097239767
2006,37,0.975248060588326
2007,37,1.16740583947727
2008,37,1.0349994131497
2009,37,1.16467193833419
2010,37,1.0538860101785
2011,37,0.974005818367004
2012,37,1.17399411116328
2013,37,1.16938044769423
2014,37,1.09219791420868
2015,37,1.22526837246759
2016,37,1.21057208521026
2017,37,1.27777307374137
1995,38,0.807219579006019
1996,38,0.715704620856306
1997,38,0.74861564599585
1998,38,0.714748047980601
1999,38,0.89758487402097
2000,38,0.738915494521675
2001,38,0.806280504750169
2002,38,0.811626972083974
2003,38,0.843311550419616
2004,38,0.814394673737495
2005,38,0.775217717432458
2006,38,0.751353586821453
2007,38,0.730178912048755
2008,38,0.678880047539006
2009,38,0.731085531008632
2010,38,0.663566505293483
2011,38,0.65872894551443
2012,38,0.671162679143574
2013,38,0.746549575873043
2014,38,0.683494787420268
2015,38,0.68395001878557
2016,38,0.631863532992809
2017,38,0.647534952701434
1995,39,0.820690790334573
1996,39,0.80387327211121
1997,39,0.836255316264354
1998,39,0.727029614652006
1999,39,0.890252398756834
2000,39,0.821956112980843
2001,39,0.863714923222478
2002,39,0.883963412676866
2003,39,0.833732391492679
2004,39,0.804449837654829
2005,39,0.819942951202393
2006,39,0.732189979690772
2007,39,0.762615111011725
2008,39,0.738526940632325
2009,39,0.728063170439922
2010,39,0.721802521282091
2011,39,0.725199760009463
2012,39,0.721234619044341
2013,39,0.724740782322792
2014,39,0.733753346766417
2015,39,0.658177455314077
2016,39,0.733310948197658
2017,39,0.664951576063266
1995,40,-0.0167753952829277
1996,40,-0.0396168903064202
1997,40,-0.0273321684011642
1998,40,0.0489779448081904
1999,40,0.000636928694267922
2000,40,0.0420330911874771
2001,40,0.116319679162082
2002,40,-0.0183638066656011
2003,40,0.0232085409190725
2004,40,0.0877043657443103
2005,40,0.0500837560085689
2006,40,-0.0415983370998327
2007,40,-0.0288519425427212
2008,40,0.0829765683806994
2009,40,0.124883945373928
2010,40,0.0661388802177766
2011,40,0.143237717449665
2012,40,0.123165346243802
2013,40,0.0797591243377503
2014,40,0.144821398679222
2015,40,0.182994646841989
2016,40,0.0634869356804034
2017,40,0.17647113886607
1995,41,-1.25943598422137
1996,41,-1.26613464138725
1997,41,-1.10375092618845
1998,41,-1.07650397955017
1999,41,-1.13953201201829
2000,41,-1.06566014344042
2001,41,-1.12733865190636
2002,41,-1.08754596588286
2003,41,-1.10688950798728
2004,41,-1.14460263469002
2005,41,-1.16585877266797
2006,41,-1.19204252416437
2007,41,-1.23942742022601
2008,41,-1.25918392159722
2009,41,-1.11140449412844
2010,41,-1.35278699072925
2011,41,-1.33583111112768
2012,41,-1.2523267892274
2013,41,-1.22885976325382
2014,41,-1.30954414064234
2015,41,-1.26396822252057
2016,41,-1.14878600971265
2017,41,-1.39507758211006
1995,42,-0.657011460512877
1996,42,-0.66236457725366
1997,42,-0.744487279405197
1998,42,-0.802098284165064
1999,42,-0.737243965268135
2000,42,-0.621320024132729
2001,42,-0.532690994441509
2002,42,-0.428459820027153
2003,42,-0.514319320519765
2004,42,-0.379522917792201
2005,42,-0.252469490747899
2006,42,-0.168593895932039
2007,42,-0.307187875111898
2008,42,-0.201205963889758
2009,42,-0.145380624880393
2010,42,-0.213077629605929
2011,42,-0.134747008482615
2012,42,-0.355329692363739
2013,42,-0.273013286602994
2014,42,-0.380478459099929
2015,42,-0.178539395021896
2016,42,-0.066911851366361
2017,42,-0.0973737345387538
1995,43,-0.335848078131676
1996,43,-0.199694287031889
1997,43,-0.331538435071707
1998,43,-0.353961184620857
1999,43,-0.310327656567097
2000,43,-0.382756415754557
2001,43,-0.285392498597503
2002,43,-0.280138146132231
2003,43,-0.279322123620659
2004,43,-0.294292522594333
2005,43,-0.299422113224864
2006,43,-0.424632541835308
2007,43,-0.237466011894867
2008,43,-0.134334506234154
2009,43,-0.23371172323823
2010,43,-0.28976814635098
2011,43,-0.244478977750987
2012,43,-0.150588138028979
2013,43,0.0518344230949879
2014,43,-0.176829470321536
2015,43,-0.299126448109746
2016,43,-0.350315678864718
2017,43,-0.231092147529125
1995,44,-0.870646869852429
1996,44,-0.923347615947326
1997,44,-0.913693665748551
1998,44,-0.794946021267346
1999,44,-0.757539061563356
2000,44,-0.769527100381397
2001,44,-0.78483411811647
2002,44,-0.724994196955647
2003,44,-0.725214406138375
2004,44,-0.722526277814593
2005,44,-0.695615891899381
2006,44,-0.75390431718413
2007,44,-0.5815709946411
2008,44,-0.643811435926528
2009,44,-0.643740244387161
2010,44,-0.69106154729213
2011,44,-0.541645332062173
2012,44,-0.652363192112673
2013,44,-0.653611260865416
2014,44,-0.555107104798524
2015,44,-0.619763764242331
2016,44,-0.54980639119943
2017,44,-0.486171093458931
1995,45,-0.925425007939339
1996,45,-1.09597516059875
1997,45,-0.776959307491779
1998,45,-1.27219705283642
1999,45,-0.783204577863216
2000,45,-0.553357185795903
2001,45,-0.52958495169878
2002,45,-1.09927472472191
2003,45,-0.853581294417381
2004,45,-0.92213661968708
2005,45,-0.539932370185852
2006,45,-0.592627421021462
2007,45,-0.326048903167248
2008,45,-0.457677818834782
2009,45,-0.575963281095028
2010,45,-0.102974649518728
2011,45,-0.613578945398331
2012,45,-0.532884195446968
2013,45,-0.700118951499462
2014,45,-0.588614059612155
2015,45,-0.873009491711855
2016,45,-0.70689007639885
2017,45,-0.612689360976219
1995,46,-1.87004685401917
1996,46,-2.0846244096756
1997,46,-2.00881636142731
1998,46,-2.01808875799179
1999,46,-1.88946139812469
2000,46,-1.78826510906219
2001,46,-1.92940068244934
2002,46,-1.90605646371841
2003,46,-1.96982342004776
2004,46,-1.97771346569061
2005,46,-2.05574607849121
2006,46,-1.60380017757416
2007,46,-1.8347475528717
2008,46,-1.72784358263016
2009,46,-1.8973188996315
2010,46,-1.63595330715179
2011,46,-1.67861545085907
2012,46,-1.65073311328888
2013,46,-1.5288919210434
2014,46,-1.61973637342453
2015,46,-1.74387806653976
2016,46,-1.61776524782181
2017,46,-1.64421182870865
1995,47,0.185528426298073
1996,47,0.254760107823781
1997,47,0.401826852134296
1998,47,0.497218481131962
1999,47,0.409349682075637
2000,47,0.462622718087265
2001,47,0.347266113119466
2002,47,0.436735151202551
2003,47,0.405102980988366
2004,47,0.595196257744517
2005,47,0.533467322055783
2006,47,0.34418632622276
2007,47,0.369653574057988
2008,47,0.419727998652628
2009,47,0.30728503582733
2010,47,0.283751077950001
2011,47,0.308844462236656
2012,47,0.291463568806648
2013,47,0.380350640841893
2014,47,0.340178514165538
2015,47,0.310778263424124
2016,47,0.322453710911629
2017,47,0.353018096249018
1995,48,0.593933953539185
1996,48,0.583218181262846
1997,48,0.600166160451329
1998,48,0.533380907454083
1999,48,0.539939310239709
2000,48,0.503089925517207
2001,48,0.446210627484581
2002,48,0.581429901978244
2003,48,0.518344403340724
2004,48,0.416537686149873
2005,48,0.432341273651337
2006,48,0.430428184244944
2007,48,0.442701651350312
2008,48,0.481629530534796
2009,48,0.481055155396462
2010,48,0.392827147374982
2011,48,0.370678740675035
2012,48,0.29720136102127
2013,48,0.337742185948984
2014,48,0.43258284194314
2015,48,0.301446099158214
2016,48,0.383896018540406
2017,48,0.417749537236017
1995,49,0.622184111440385
1996,49,0.522055583921346
1997,49,0.497095481915907
1998,49,0.479421940378168
1999,49,0.397096376527439
2000,49,0.449640906669877
2001,49,0.34483863548799
2002,49,0.610989280722358
2003,49,0.580164459618655
2004,49,0.562017121098258
2005,49,0.526315569877625
2006,49,0.4513664083894
2007,49,0.303445790111172
2008,49,0.340638598935171
2009,49,0.366803010248325
2010,49,0.443336209028282
2011,49,0.356911223043095
2012,49,0.302588082172654
2013,49,0.368123908611861
2014,49,0.400753557004712
2015,49,0.428711581636559
2016,49,0.319688811898232
2017,49,0.408823285590519
1995,50,-0.603543049522809
1996,50,-0.913922441857202
1997,50,-0.899059150634067
1998,50,-0.851212216275079
1999,50,-1.05835779224123
2000,50,-1.27173387152808
2001,50,-0.960259565285274
2002,50,-0.837458868644067
2003,50,-0.909938743071897
2004,50,-0.979059665330819
2005,50,-0.831889525055885
2006,50,-0.745249575802258
2007,50,-0.611745470336505
2008,50,-0.415827359472002
2009,50,-0.520090013742447
2010,50,-0.859723900843944
2011,50,-0.783390109028135
2012,50,-0.325368287573968
2013,50,-0.446479167257036
2014,50,-0.541171614612852
2015,50,-0.327849477529526
2016,50,-0.093814526285444
2017,50,-0.346462139061519
1995,51,-0.11074032383756
1996,51,-0.225407781580893
1997,51,-0.141909337674196
1998,51,-0.214644929179205
1999,51,-0.304563967940899
2000,51,-0.454367997841193
2001,51,-0.353908564035709
2002,51,-0.456192931303611
2003,51,-0.366032476930951
2004,51,-0.29511296749115
2005,51,-0.40462027834012
2006,51,-0.438677142732418
2007,51,-0.438555158101595
2008,51,-0.343112852567664
2009,51,-0.504303273100119
2010,51,-0.370090540785056
2011,51,-0.482310232061606
2012,51,-0.427882559597492
2013,51,-0.521257420571951
2014,51,-0.314610172349673
2015,51,-0.409663880817019
2016,51,-0.415072580369619
2017,51,-0.268490518514927
1995,52,-1.07041274135311
1996,52,-1.04850345291197
1997,52,-1.28764419257641
1998,52,-1.34117625653744
1999,52,-1.41543736557166
2000,52,-1.33141726255417
2001,52,-1.33741108576457
2002,52,-1.34757964809736
2003,52,-1.18753634641568
2004,52,-1.313565214475
2005,52,-1.42533132433891
2006,52,-1.32183446486791
2007,52,-1.31361885120471
2008,52,-1.23574776947498
2009,52,-1.2700360318025
2010,52,-1.36389533927043
2011,52,-1.35187874486049
2012,52,-1.33354949454467
2013,52,-1.35083207984765
2014,52,-1.25505088269711
2015,52,-1.24066539357106
2016,52,-1.181962740918
2017,52,-1.23792975644271
1995,53,-1.03990809958089
1996,53,-1.0831693796949
1997,53,-1.07941329614683
1998,53,-1.02308616194535
1999,53,-1.0567621961236
2000,53,-1.14012242989107
2001,53,-1.12962498989972
2002,53,-1.37181992286986
2003,53,-0.984758670378307
2004,53,-1.15686255828901
2005,53,-1.17647341842001
2006,53,-1.08699954910712
2007,53,-1.19757570800456
2008,53,-1.00290138342164
2009,53,-1.33982239435004
2010,53,-1.3364059173248
2011,53,-1.15865342589942
2012,53,-1.10673563927412
2013,53,-1.00489063967358
2014,53,-0.930564763172614
2015,53,-0.94624553066255
2016,53,-1.2048778466203
2017,53,-0.7792564637959
1995,54,-0.0234876574832015
1996,54,0.0402650153264403
1997,54,-0.056930523365736
1998,54,0.011139111360535
1999,54,0.139026483520865
2000,54,0.224181344266981
2001,54,0.142744236625731
2002,54,0.187349471729249
2003,54,0.142736880108714
2004,54,0.190436441916972
2005,54,0.107396185398102
2006,54,0.104241151129827
2007,54,0.217481488361955
2008,54,0.0699172811582685
2009,54,-0.0208156751468778
2010,54,0.0120251588523388
2011,54,0.0326510085724294
2012,54,-0.0111359218135476
2013,54,0.139047657139599
2014,54,0.208577623590827
2015,54,0.243647074559703
2016,54,0.0387450037524104
2017,54,-0.0217114798724651
1995,55,-0.103868661390152
1996,55,-0.154147455410566
1997,55,-0.150545516284183
1998,55,-0.152224311605096
1999,55,-0.181516505777836
2000,55,-0.130275774630718
2001,55,-0.131019446998835
2002,55,-0.142930211382918
2003,55,-0.184798428730574
2004,55,-0.27319755917415
2005,55,-0.184798293514177
2006,55,-0.253213725052774
2007,55,-0.244314080111508
2008,55,-0.131821825634688
2009,55,-0.247584477765486
2010,55,-0.327822169638239
2011,55,-0.20789808453992
2012,55,-0.110847448930144
2013,55,-0.15170373206638
2014,55,-0.113676030764509
2015,55,-0.14554231800139
2016,55,-0.207578680943698
2017,55,-0.157290724280756
1995,56,0.156781204872661
1996,56,0.0893293900622262
1997,56,-0.147708521121078
1998,56,-0.00696479839583238
1999,56,0.148111867407958
2000,56,0.077075782749388
2001,56,0.0719930446810193
2002,56,0.0266589042213228
2003,56,-0.0489935113324059
2004,56,-0.118983245558209
2005,56,-0.0458528945843379
2006,56,-0.0120186408360799
2007,56,-0.0183370063702265
2008,56,0.0427788856128852
2009,56,0.0121560328536563
2010,56,0.0203354383508364
2011,56,0.0796962049272325
2012,56,0.114953578346305
2013,56,0.226816763480504
2014,56,0.154319763183594
2015,56,0.0956092158125506
2016,56,0.154196170469125
2017,56,0.226884206136068
1995,57,-0.490097123384476
1996,57,-0.495429480075836
1997,57,-0.34599584043026
1998,57,-0.514399895071983
1999,57,-0.404268785566092
2000,57,-0.456037026643753
2001,57,-0.512870025075972
2002,57,-0.529324947856367
2003,57,-0.593967419862747
2004,57,-0.443579255416989
2005,57,-0.455554106831551
2006,57,-0.363543324172497
2007,57,-0.292120623588562
2008,57,-0.430029320716858
2009,57,-0.348883306980133
2010,57,-0.40228066444397
2011,57,-0.609488807618618
2012,57,-0.585402435902506
2013,57,-0.420209485292435
2014,57,-0.314134109020233
2015,57,-0.278514325618744
2016,57,-0.33161906003952
2017,57,-0.444272726774216
1995,58,-0.134105034172535
1996,58,-0.168048398061232
1997,58,-0.357777954502539
1998,58,-0.386105131696571
1999,58,-0.501712893220511
2000,58,-0.312681191008199
2001,58,-0.376796337013895
2002,58,-0.367803500457244
2003,58,-0.380855123427781
2004,58,-0.538701845671643
2005,58,-0.498639239506288
2006,58,-0.42520544948903
2007,58,-0.458623746579344
2008,58,-0.261384421959519
2009,58,-0.361624100499532
2010,58,-0.582785749977285
2011,58,-0.334010118787939
2012,58,-0.376838402610949
2013,58,-0.448196907115
2014,58,-0.298926267966057
2015,58,-0.323500169017776
2016,58,-0.396335097876462
2017,58,-0.28691326352683
1995,59,0.631344119256193
1996,59,0.676756085319953
1997,59,0.493917226791382
1998,59,0.816690274260261
1999,59,0.774557133289901
2000,59,0.65558404170654
2001,59,0.726262971081517
2002,59,0.56836580180309
2003,59,0.707815607840365
2004,59,0.706858086145737
2005,59,0.611596851186319
2006,59,0.581938434730877
2007,59,0.712202440608631
2008,59,0.822557371109724
2009,59,0.740203462541103
2010,59,0.632416311990131
2011,59,0.703509668057615
2012,59,0.614605816927823
2013,59,0.74630817770958
2014,59,0.714037343859673
2015,59,0.540038362145424
2016,59,0.490007443861528
2017,59,0.630479114976796
1995,60,-0.413531422615051
1996,60,-0.451475322246552
1997,60,-0.414692029356957
1998,60,-0.498767182230949
1999,60,-0.753659993410111
2000,60,-0.593003809452057
2001,60,-0.781004667282105
2002,60,-0.627871185541153
2003,60,-0.680895477533341
2004,60,-0.487426355481148
2005,60,-0.417848393321037
2006,60,-0.435337126255035
2007,60,-0.544842600822449
2008,60,-0.654213696718216
2009,60,-0.721500068902969
2010,60,-0.639091998338699
2011,60,-0.596678823232651
2012,60,-0.328433364629746
2013,60,-0.439746305346489
2014,60,-0.234009969048202
2015,60,-0.395891115069389
2016,60,-0.198958594352007
2017,60,-0.0330242216587067
1995,61,-1.47410763011259
1996,61,-1.45037115672055
1997,61,-1.50998236852534
1998,61,-1.58521157503128
1999,61,-1.63861627438489
2000,61,-1.60410601601881
2001,61,-1.52925293585833
2002,61,-1.6022602985887
2003,61,-1.48821877381381
2004,61,-1.58527376371271
2005,61,-1.55688563164543
2006,61,-1.36103752430748
2007,61,-1.34426322053461
2008,61,-1.18303418860716
2009,61,-1.34331711951424
2010,61,-1.31653442978859
2011,61,-1.37941631674767
2012,61,-1.31595831758836
2013,61,-1.35091197490692
2014,61,-1.26039073397132
2015,61,-1.27307011450038
2016,61,-1.28509222058689
2017,61,-1.24653756969115
1995,62,-1.3987516375149
1996,62,-1.3737757451394
1997,62,-1.33968993846108
1998,62,-1.42294786256902
1999,62,-1.42437438403859
2000,62,-1.41369926228243
2001,62,-1.33512710604598
2002,62,-1.39658367283204
2003,62,-1.28170983405674
2004,62,-1.31148723994984
2005,62,-1.27513828698327
2006,62,-1.13082125958274
2007,62,-1.04333005144316
2008,62,-0.980667184380924
2009,62,-1.03382639893714
2010,62,-1.05598181442303
2011,62,-1.10809461421826
2012,62,-1.07186205115388
2013,62,-1.09077221418128
2014,62,-1.04729447119376
2015,62,-1.06679760883836
2016,62,-1.08368081730955
2017,62,-1.12848909286892
1995,63,-0.902681291103363
1996,63,-0.822032272815704
1997,63,-0.911700820922852
1998,63,-0.8025793582201
1999,63,-0.994487477838993
2000,63,-0.945910787582397
2001,63,-0.837400384992361
2002,63,-0.974624923616648
2003,63,-0.954393628239632
2004,63,-1.01084533631802
2005,63,-1.10772408246994
2006,63,-0.992635893821716
2007,63,-1.07660778164864
2008,63,-0.913370683789253
2009,63,-0.898825198411942
2010,63,-0.878552994132042
2011,63,-0.922148221731186
2012,63,-0.943671318888664
2013,63,-0.91238004565239
2014,63,-0.974240523576736
2015,63,-0.889958973228931
2016,63,-0.833238865435123
2017,63,-0.80777321010828
1995,64,-0.801711837450663
1996,64,-0.822194397449493
1997,64,-0.931313802798589
1998,64,-1.01038194696109
1999,64,-0.996993571519852
2000,64,-0.96125982205073
2001,64,-1.03076650202274
2002,64,-0.958534489075343
2003,64,-0.959624928732713
2004,64,-0.956622771918774
2005,64,-0.928240972260634
2006,64,-0.80584683517615
2007,64,-0.851008673508962
2008,64,-0.704371740420659
2009,64,-0.681562587618828
2010,64,-0.734820425510407
2011,64,-0.798601726690928
2012,64,-0.753131419420242
2013,64,-0.813831845919291
2014,64,-0.807762831449509
2015,64,-0.868699242671331
2016,64,-0.938441236813863
2017,64,-0.767211655775706
1995,65,-0.883989399032933
1996,65,-0.850955692785127
1997,65,-0.79738665212478
1998,65,-0.832857471092471
1999,65,-0.887529237994126
2000,65,-0.956843866833619
2001,65,-0.982424889292036
2002,65,-0.815748057195119
2003,65,-0.85026009700128
2004,65,-1.00133303446429
2005,65,-0.860251373478345
2006,65,-0.757159450224468
2007,65,-0.831502211945398
2008,65,-0.829443976283073
2009,65,-0.906968844788415
2010,65,-0.657938017376832
2011,65,-0.711311329688345
2012,65,-0.969671134437833
2013,65,-0.775884428194591
2014,65,-0.613483653304034
2015,65,-0.928747981786728
2016,65,-0.718269707368953
2017,65,-0.424051063401358
1995,66,-0.41570379336675
1996,66,-0.217360408666233
1997,66,-0.52721240123113
1998,66,-0.4957638134559
1999,66,0.00124324858188629
2000,66,-0.125015277415514
2001,66,-0.116687620679537
2002,66,0.0440928315122922
2003,66,0.141637740035852
2004,66,-0.0510480577747027
2005,66,-0.0669745827714602
2006,66,-0.104773762325446
2007,66,0.124418063710133
2008,66,0.553813387950262
2009,66,0.356701552867889
2010,66,-0.109465346982082
2011,66,0.00476627300182978
2012,66,0.00138648847738902
2013,66,0.056109386185805
2014,66,0.246195192138354
2015,66,-0.0514681600034237
2016,66,0.256269166866938
2017,66,0.340734337766965
1995,67,-1.38416618108749
1996,67,-1.15332965552807
1997,67,-1.09036704152823
1998,67,-1.03954789042473
1999,67,-1.1346502751112
2000,67,-1.32814079523087
2001,67,-1.1132934242487
2002,67,-1.09279964864254
2003,67,-0.981643587350845
2004,67,-0.940229088068008
2005,67,-0.900582008063793
2006,67,-0.730738557875156
2007,67,-0.857764326035976
2008,67,-0.83208879083395
2009,67,-0.724653566256166
2010,67,-0.930269666016102
2011,67,-1.086380623281
2012,67,-1.06845055520535
2013,67,-0.867911666631699
2014,67,-0.910591367632151
2015,67,-1.16992042958736
2016,67,-1.12042996007949
2017,67,-1.06951150298119
1995,68,0.40283165127039
1996,68,0.397621211409569
1997,68,0.357392878085375
1998,68,0.428270040079951
1999,68,0.474627270301183
2000,68,0.392051767309507
2001,68,0.331730080892642
2002,68,0.356762793660164
2003,68,0.37700936148564
2004,68,0.385058349370956
2005,68,0.364933276176453
2006,68,0.330988721052806
2007,68,0.370493463923534
2008,68,0.303160255153974
2009,68,0.359329983840386
2010,68,0.37873227018863
2011,68,0.297084215066085
2012,68,0.258870634126167
2013,68,0.27412305076917
2014,68,0.240331717083852
2015,68,0.334519857292374
2016,68,0.297142639259497
2017,68,0.265182161827882
1995,69,0.162618902777987
1996,69,0.182508068159223
1997,69,0.196057888013976
1998,69,0.139935199703489
1999,69,0.126616538901414
2000,69,0.106860583381993
2001,69,0.0627362121428762
2002,69,0.0374784730374813
2003,69,0.00865770690143108
2004,69,0.0247403968657766
2005,69,0.0398463848978281
2006,69,0.0547864099166223
2007,69,0.133743787184358
2008,69,0.164142999265875
2009,69,0.122412616453533
2010,69,0.0385141457830157
2011,69,0.0694347928677287
2012,69,0.0885487621916192
2013,69,0.0929388505007539
2014,69,0.0574093907406288
2015,69,-0.0595193481338876
2016,69,0.126903157015996
2017,69,-0.0283495209046773
1995,70,0.559095348790288
1996,70,0.567813739739358
1997,70,0.592394801229239
1998,70,0.600731225684285
1999,70,0.552819297090173
2000,70,0.571172031760216
2001,70,0.520400544255972
2002,70,0.524547492340207
2003,70,0.553375112451613
2004,70,0.651036431267858
2005,70,0.625760283321142
2006,70,0.673097169771791
2007,70,0.621368598379195
2008,70,0.655733192712069
2009,70,0.690156323462725
2010,70,0.661107610911131
2011,70,0.713414495438337
2012,70,0.769904055818915
2013,70,0.647904051840305
2014,70,0.653564201749396
2015,70,0.694726520963013
2016,70,0.667916104197502
2017,70,0.736273093443168
1995,71,-0.523402468986913
1996,71,-0.466266494244337
1997,71,-0.41177815090244
1998,71,-0.28229224231715
1999,71,-0.329098283830616
2000,71,-0.274461407110923
2001,71,-0.401251959097054
2002,71,-0.286279415918721
2003,71,-0.366098980108897
2004,71,-0.17657792630295
2005,71,-0.24894416383985
2006,71,-0.189662547109442
2007,71,-0.0898196506831381
2008,71,-0.186446214185303
2009,71,-0.2403722820907
2010,71,-0.152823795047071
2011,71,-0.0826673980595337
2012,71,-0.0602123199237718
2013,71,-0.131859038439062
2014,71,-0.0413793515827921
2015,71,-0.00996144015031556
2016,71,-0.0735753898301886
2017,71,-0.181650292542246
1995,72,0.456422926633266
1996,72,0.426513214948876
1997,72,0.519662227706406
1998,72,0.509043120040462
1999,72,0.489231728739908
2000,72,0.449725746530397
2001,72,0.423744328448485
2002,72,0.510253256572218
2003,72,0.471406963878665
2004,72,0.440282108968702
2005,72,0.435362784448883
2006,72,0.409098764303429
2007,72,0.516782875526054
2008,72,0.421385984442293
2009,72,0.451498145366023
2010,72,0.4645132752023
2011,72,0.417469772253314
2012,72,0.383997167011016
2013,72,0.436062208023565
2014,72,0.389010106430164
2015,72,0.425849748197301
2016,72,0.40634497845995
2017,72,0.390604293873084
1995,73,0.359761675748114
1996,73,0.402268756986954
1997,73,0.387911884257427
1998,73,0.306731337502312
1999,73,0.296042858157307
2000,73,0.256981897955904
2001,73,0.31090617330315
2002,73,0.316051874453059
2003,73,0.323946630546393
2004,73,0.393714703906041
2005,73,0.293771349547359
2006,73,0.366961793902402
2007,73,0.358280692249537
2008,73,0.408213111500327
2009,73,0.325267185600331
2010,73,0.331482572051195
2011,73,0.284242946941119
2012,73,0.302313500298904
2013,73,0.356994986820679
2014,73,0.331417547252316
2015,73,0.314930191673249
2016,73,0.301548508067544
2017,73,0.282494662329555
1995,74,0.141122979945258
1996,74,0.104295580991005
1997,74,0.254539968543931
1998,74,0.262935766656148
1999,74,0.158705949930376
2000,74,0.215075157190624
2001,74,0.24955642889989
2002,74,0.13606821569173
2003,74,0.056779074041467
2004,74,0.172881131109438
2005,74,0.0799874340821254
2006,74,0.295782916836048
2007,74,-0.00725708156824112
2008,74,0.0124922408477256
2009,74,0.0678254263965707
2010,74,0.0775208560455787
2011,74,0.0509976158408742
2012,74,-0.0677790897653291
2013,74,0.125737899718316
2014,74,0.0847591720674628
2015,74,0.105153226146573
2016,74,0.235851144614188
2017,74,0.0820463236628307
1995,75,0.648528411984444
1996,75,0.801633632509038
1997,75,0.794990224763751
1998,75,0.801582460757345
1999,75,0.91198079707101
2000,75,0.811991101596504
2001,75,0.901267282548361
2002,75,1.11242718901485
2003,75,0.862903555156663
2004,75,0.764414552599192
2005,75,0.92394839040935
2006,75,0.663423165678978
2007,75,0.653684272430837
2008,75,0.73199871648103
2009,75,0.703000366687775
2010,75,0.813695672899485
2011,75,0.668399536050856
2012,75,0.672947814688087
2013,75,0.468458632007241
2014,75,0.261321634054184
2015,75,0.383579504676163
2016,75,0.55255170725286
2017,75,0.426809454336762
1995,76,0.205180654767901
1996,76,0.23830505416845
1997,76,0.173366935923696
1998,76,0.243989160517231
1999,76,0.134003220824525
2000,76,0.169597249099752
2001,76,0.11255255935248
2002,76,0.117667457088828
2003,76,0.261670059990138
2004,76,0.24527459172532
2005,76,0.281963306479156
2006,76,0.25856847804971
2007,76,0.303209514124319
2008,76,0.185864004306495
2009,76,0.197579638799652
2010,76,0.22544533200562
2011,76,0.215838734293357
2012,76,0.178533968050033
2013,76,0.217053037835285
2014,76,0.115655219880864
2015,76,0.161463470431045
2016,76,0.132950466126204
2017,76,0.140453650616109
1995,78,-0.162281185388565
1996,78,-0.452364763865868
1997,78,-0.185035953919093
1998,78,-0.3936904023091
1999,78,-0.140634958942731
2000,78,-0.164497445027033
2001,78,-0.106158651411533
2002,78,-0.245595682412386
2003,78,-0.0488985627889633
2004,78,-0.172517577807109
2005,78,-0.154410416881243
2006,78,-0.61752879122893
2007,78,-0.682075540224711
2008,78,-0.766719470421473
2009,78,-0.699364970127741
2010,78,-0.464086525142193
2011,78,-0.405796624720097
2012,78,-0.020175834496816
2013,78,-0.285866393397252
2014,78,-0.164691127836704
2015,78,-0.0492663830518723
2016,78,0.209455748399099
2017,78,-0.378979527950287
1995,79,0.30415440350771
1996,79,0.288575091532299
1997,79,0.10750193840691
1998,79,0.27261665889195
1999,79,0.0151758875165667
2000,79,0.160488263836929
2001,79,0.0536294308091913
2002,79,0.0476868418710572
2003,79,-0.0297125663076128
2004,79,-0.115424173751048
2005,79,0.0312087176633733
2006,79,0.0441120628799711
2007,79,-0.141411155462265
2008,79,-0.01194081561906
2009,79,-0.0768766185002668
2010,79,-0.226719803043774
2011,79,-0.0840349495410919
2012,79,-0.0445561142904418
2013,79,0.19411995687655
2014,79,0.260204783507756
2015,79,0.169746757950634
2016,79,0.256336703896523
2017,79,0.10024593770504
1995,80,-0.0904235547142369
1996,80,-0.0299059459939599
1997,80,-0.430287258433444
1998,80,-0.24119709671608
1999,80,0.0677892182554517
2000,80,-0.280314058065414
2001,80,-0.063567651701825
2002,80,-0.256852999329567
2003,80,-0.287381312676839
2004,80,-0.0521698711173875
2005,80,-0.0590280717504876
2006,80,-0.270840727591089
2007,80,-0.386895901257438
2008,80,0.0477148869207927
2009,80,0.352789015642234
2010,80,0.0754516100777047
2011,80,0.23217069038323
2012,80,-0.0331424645015172
2013,80,0.449437827936241
2014,80,0.535173323537622
2015,80,0.729035471166883
2016,80,0.73371176634516
2017,80,0.115272466093302
1995,81,0.293742027420264
1996,81,0.156819473092373
1997,81,0.244488269663774
1998,81,0.251239670583835
1999,81,0.217897340368766
2000,81,0.367582735390617
2001,81,0.405025582330731
2002,81,0.487988967161912
2003,81,0.459498696602308
2004,81,0.378024028470883
2005,81,0.391169569813288
2006,81,0.484969712220705
2007,81,0.318091470533266
2008,81,0.281724526331975
2009,81,0.377861323838051
2010,81,0.547333600429388
2011,81,0.460256378238018
2012,81,0.643854865087913
2013,81,0.422966953653556
2014,81,0.399066099467186
2015,81,0.353730007432974
2016,81,0.45430819518291
2017,81,0.554411495390993
1995,82,0.501934605340163
1996,82,0.542116286419332
1997,82,0.565499973918001
1998,82,0.534506213575757
1999,82,0.665958252673348
2000,82,0.604732555647691
2001,82,0.692043196658293
2002,82,0.622383066515128
2003,82,0.74140102166372
2004,82,0.638025468587875
2005,82,0.630876432359219
2006,82,0.648760484655698
2007,82,0.678949717183908
2008,82,0.679370721181234
2009,82,0.620744990805785
2010,82,0.822765066847205
2011,82,0.769611648345987
2012,82,0.798389085320135
2013,82,0.767991138994694
2014,82,0.771889559924603
2015,82,0.692272788534562
2016,82,0.703622126082579
2017,82,0.824402501185735
1995,83,0.3796607025645
1996,83,0.362399617379362
1997,83,0.36951972882856
1998,83,0.375344734300267
1999,83,0.410846775143661
2000,83,0.401672967116941
2001,83,0.366971671581268
2002,83,0.388661599972031
2003,83,0.507995346730406
2004,83,0.42289233749563
2005,83,0.422708050771193
2006,83,0.470505570823496
2007,83,0.421245854347944
2008,83,0.438575867902149
2009,83,0.4540193868293
2010,83,0.513347700238228
2011,83,0.401715148578991
2012,83,0.476388551294804
2013,83,0.428765690462156
2014,83,0.435903031040322
2015,83,0.496814307841388
2016,83,0.434786942872134
2017,83,0.508167318322442
1995,84,1.1551025374659
1996,84,1.11788132295889
1997,84,1.09095723181963
1998,84,1.08426743947408
1999,84,0.988875555466203
2000,84,1.00378054473549
2001,84,1.013191949357
2002,84,0.972424728445271
2003,84,1.01900166702621
2004,84,0.966893717389116
2005,84,0.946208014843218
2006,84,1.02676233793883
2007,84,1.0575282324982
2008,84,0.996827022687477
2009,84,0.94204991797314
2010,84,0.93493674520184
2011,84,1.00293385713252
2012,84,1.01176570592558
2013,84,0.934737649516148
2014,84,0.981277200754951
2015,84,0.981908539386795
2016,84,0.962588031896774
2017,84,0.992906834897311
1995,85,0.514304036584993
1996,85,0.554175183642656
1997,85,0.552261193923187
1998,85,0.610860824104748
1999,85,0.623611248563975
2000,85,0.723680242954288
2001,85,0.776837807299065
2002,85,0.713570613181219
2003,85,0.709400694817305
2004,85,0.762991214869544
2005,85,0.786388038812826
2006,85,0.820208908058703
2007,85,0.789735032633568
2008,85,0.85481786262244
2009,85,0.823858213533337
2010,85,0.835776295668135
2011,85,0.838585395559979
2012,85,0.868194233470907
2013,85,0.829869774131415
2014,85,0.842887909772495
2015,85,0.810221217184638
2016,85,0.804896502289921
2017,85,0.803444337255011
1995,86,0.645006110270818
1996,86,0.715327706601885
1997,86,0.662604038914045
1998,86,0.68280694882075
1999,86,0.852766493128406
2000,86,0.762040476004283
2001,86,0.955032305171092
2002,86,0.756241051894095
2003,86,0.841728404992157
2004,86,0.847315092881521
2005,86,0.870746715201272
2006,86,0.695527373399172
2007,86,0.812503077917629
2008,86,0.708124895890554
2009,86,0.849282593776782
2010,86,0.903845655421416
2011,86,0.843935028546386
2012,86,0.46367298397753
2013,86,0.506136044032044
2014,86,0.438183416922887
2015,86,0.347778429587682
2016,86,0.617817231350475
2017,86,0.740192852086491
1995,87,0.615223951172084
1996,87,0.656258207280189
1997,87,0.594275492243469
1998,87,0.707167899468914
1999,87,0.748632523231208
2000,87,0.76585135073401
2001,87,0.631598652806133
2002,87,0.721328035462648
2003,87,0.738588050939143
2004,87,0.686115319200326
2005,87,0.565842074574903
2006,87,0.635765719111078
2007,87,0.776535543380305
2008,87,0.554179751634365
2009,87,0.514815172413364
2010,87,0.598309998400509
2011,87,0.609901146206539
2012,87,0.452860933262855
2013,87,0.471529322210699
2014,87,0.566775010898709
2015,87,0.647874150425196
2016,87,0.686564029660076
2017,87,0.661954747512937
1995,88,0.576666469871998
1996,88,0.175162747502327
1997,88,0.537379703298211
1998,88,0.36266981959343
1999,88,0.421305315196514
2000,88,0.416335353255272
2001,88,0.483018499612808
2002,88,0.373626907356083
2003,88,0.436863379180431
2004,88,0.166542129218578
2005,88,0.262130203843117
2006,88,-0.0903996272012591
2007,88,0.0243041360750794
2008,88,0.236336320638657
2009,88,0.285813531279564
2010,88,0.40385178476572
2011,88,0.444824826717377
2012,88,0.269403944909573
2013,88,0.237921896576881
2014,88,0.577822118997574
2015,88,0.247196942940354
2016,88,0.74562976360321
2017,88,0.369126668572426
1995,89,-0.183635008987039
1996,89,-0.20412134937942
1997,89,-0.244811818236485
1998,89,-0.234136145794764
1999,89,-0.280943973179092
2000,89,-0.0948725128546357
2001,89,-0.27680168254301
2002,89,-0.258070480776951
2003,89,-0.408757096156478
2004,89,-0.250997239316348
2005,89,-0.412485005799681
2006,89,-0.402692222036421
2007,89,-0.511843263171613
2008,89,-0.505375796929002
2009,89,-0.447208161465824
2010,89,-0.492605092003942
2011,89,-0.60816005943343
2012,89,-0.616936387494206
2013,89,-0.715865040197969
2014,89,-0.720930397510529
2015,89,-0.366551274433732
2016,89,-0.444288284401409
2017,89,-0.486173383076675
1995,90,0.853026733366829
1996,90,0.865184712590593
1997,90,0.893956743462971
1998,90,0.903720268641006
1999,90,0.852884522399329
2000,90,0.971612546705838
2001,90,0.946957112261743
2002,90,0.946303734725172
2003,90,0.962823283943263
2004,90,0.924686118170168
2005,90,1.01431037090493
2006,90,1.05748639058209
2007,90,0.921666265945091
2008,90,0.970949630958564
2009,90,0.947167017243125
2010,90,1.00183578309688
2011,90,1.01647741861543
2012,90,1.02126676927913
2013,90,1.11819032252286
2014,90,1.01037808710879
2015,90,1.03401542645191
2016,90,0.941878881418344
2017,90,1.03685575497873
1995,91,0.0173160299392683
1996,91,0.29083356976376
1997,91,0.250648394360074
1998,91,0.213686314650529
1999,91,0.259999587067536
2000,91,0.298676388072116
2001,91,0.426211472534175
2002,91,0.370693000632205
2003,91,0.207011123320886
2004,91,0.35445676717375
2005,91,0.309747410672052
2006,91,0.44819740179394
2007,91,0.532508531851428
2008,91,0.710603770400797
2009,91,0.818320885832821
2010,91,0.699823077235903
2011,91,0.691435528653009
2012,91,0.628405681545181
2013,91,0.636219947731921
2014,91,0.753063601574728
2015,91,0.833386488258839
2016,91,0.774717854601996
2017,91,0.553959511220455
1995,92,0.130868409863777
1996,92,0.269357674651676
1997,92,0.308253069718679
1998,92,0.113941189315584
1999,92,0.177047675682439
2000,92,0.193748290340106
2001,92,0.30525389727619
2002,92,0.154226345320543
2003,92,0.313917067315843
2004,92,0.393194776442316
2005,92,0.488665921820535
2006,92,0.397889776362313
2007,92,-0.0686827600002289
2008,92,0.365561423202356
2009,92,0.265238048301803
2010,92,0.461493162645234
2011,92,0.465504493978289
2012,92,0.442597145421637
2013,92,0.64167113105456
2014,92,0.592837386661106
2015,92,0.468305413921674
2016,92,0.636794692940182
2017,92,0.553856021828122
1995,93,0.753656819462776
1996,93,0.533184004149267
1997,93,0.39101137646607
1998,93,0.571325802377292
1999,93,0.505841927868979
2000,93,0.363545043127877
2001,93,0.415624898991415
2002,93,0.157523082835334
2003,93,0.164378710623298
2004,93,0.0501522081238883
2005,93,0.40750279384
2006,93,0.425197746072497
2007,93,0.670547444905554
2008,93,0.534465409815311
2009,93,0.535352447203228
2010,93,0.334705535854612
2011,93,0.255176583571093
2012,93,0.445287410702024
2013,93,0.39507940943752
2014,93,0.36203749690737
2015,93,0.338892221450806
2016,93,0.479218253067562
2017,93,0.536458251731736
1995,94,0.317501455545425
1996,94,0.462470067664981
1997,94,0.285190861672163
1998,94,0.335378047078848
1999,94,0.290866918861866
2000,94,0.188266997536023
2001,94,0.508354262759288
2002,94,0.294079213092725
2003,94,0.345203132679065
2004,94,0.342344851543506
2005,94,0.267749730497599
2006,94,0.295376998682817
2007,94,0.310476172715426
2008,94,0.329020525018374
2009,94,0.480897445852558
2010,94,0.44540024548769
2011,94,0.490941636264324
2012,94,0.415272507816553
2013,94,0.370554232348998
2014,94,0.340010670324167
2015,94,0.249158820758263
2016,94,0.324753674368064
2017,94,0.256807981679837
1995,95,-0.40348439256195
1996,95,-0.406035214662552
1997,95,-0.17341093160212
1998,95,-0.357356322929263
1999,95,-0.0951529499143362
2000,95,0.0333034861832857
2001,95,0.0514972636010498
2002,95,0.00164682045578957
2003,95,0.103039007633924
2004,95,-0.0471381256356835
2005,95,-0.0336659420281649
2006,95,0.231645494233817
2007,95,-0.19450608023908
2008,95,0.140610641799867
2009,95,0.0610442645847797
2010,95,0.187535856850445
2011,95,0.29120509326458
2012,95,0.330991912633181
2013,95,0.192682854831219
2014,95,0.0788024161010981
2015,95,0.0620047012344003
2016,95,0.330726291052997
2017,95,0.271461524069309
1995,96,-0.230221944550673
1996,96,-0.0416529162062539
1997,96,-0.102665207452244
1998,96,-0.138295211311844
1999,96,-0.184253746022781
2000,96,-0.154025410819385
2001,96,-0.160732866122594
2002,96,-0.0782435324249996
2003,96,-0.213926007764207
2004,96,-0.263609482596318
2005,96,-0.223838948851658
2006,96,-0.302155227710803
2007,96,-0.180969558656216
2008,96,-0.0603241076072057
2009,96,-0.0982615422043535
2010,96,-0.122509664648937
2011,96,-0.111319597603546
2012,96,0.0995549087981797
2013,96,0.0233478913238893
2014,96,0.0195505692520075
2015,96,-0.0409246455464098
2016,96,0.00657915530933274
2017,96,0.0650600804688616
1995,97,-0.571748661498229
1996,97,-0.718519677718481
1997,97,-0.561996241410573
1998,97,-0.588394977152348
1999,97,-0.466546528041363
2000,97,-0.545716630915801
2001,97,-0.364702974756559
2002,97,-0.345759108662605
2003,97,-0.660424401362737
2004,97,-0.580831645677487
2005,97,-0.605030884345373
2006,97,-0.429504158596198
2007,97,-0.422539246579011
2008,97,-0.307957167426745
2009,97,-0.55918363823245
2010,97,-0.461718016614517
2011,97,-0.268780633807182
2012,97,-0.347830140963197
2013,97,-0.349491152136276
2014,97,-0.322097842892011
2015,97,-0.281887045751015
2016,97,-0.366654845575492
2017,97,-0.384616338958343
1995,99,-0.921768188476562
1996,99,-0.831666760146618
1997,99,-0.851918995380402
1998,99,-0.888918966054916
1999,99,-0.730286926031113
2000,99,-0.618610836565495
2001,99,-0.776664391160011
2002,99,-0.75333745777607
2003,99,-0.910368531942368
2004,99,-0.7455835044384
2005,99,-0.676371783018112
2006,99,-0.620289698243141
2007,99,-0.507595643401146
2008,99,-0.690526898950338
2009,99,-0.527357641607523
2010,99,-0.628642484545708
2011,99,-0.743310004472733
2012,99,-0.61614059843123
2013,99,-0.707952193915844
2014,99,-0.614025488495827
2015,99,-0.745927438139916
2016,99,-0.523821838200092
2017,99,-0.637068293988705
1995,unspecified,
1996,unspecified,
1997,unspecified,
1998,unspecified,
1999,unspecified,
2000,unspecified,
2001,unspecified,
2002,unspecified,
2003,unspecified,
2004,unspecified,
2005,unspecified,
2006,unspecified,
2007,unspecified,
2008,unspecified,
2009,unspecified,
2010,unspecified,
2011,unspecified,
2012,unspecified,
2013,unspecified,
2014,unspecified,
2015,unspecified,
2016,unspecified,
2017,unspecified,
1995,travel,-0.63773872
1996,travel,-0.80289201
1997,travel,-0.66035784
1998,travel,-0.73021455
1999,travel,-0.7810956
2000,travel,-0.78721454
2001,travel,-0.8989313
2002,travel,-0.890198
2003,travel,-0.91145975
2004,travel,-0.90137188
2005,travel,-0.72747766
2006,travel,-0.64461298
2007,travel,-0.58977668
2008,travel,-0.65153993
2009,travel,-0.63604862
2010,travel,-0.58678499
2011,travel,-0.5435803
2012,travel,-0.62527275
2013,travel,-0.64698678
2014,travel,-0.69654271
2015,travel,-0.6792741
2016,travel,-0.70177095
2017,travel,-0.70056995
1995,transport,-0.72707005
1996,transport,-0.71409745
1997,transport,-0.58282154
1998,transport,-0.51459251
1999,transport,-0.58987302
2000,transport,-0.43038259
2001,transport,-0.42305098
2002,transport,-0.49186322
2003,transport,-0.45955252
2004,transport,-0.56703608
2005,transport,-0.40768701
2006,transport,-0.43238843
2007,transport,-0.41279655
2008,transport,-0.3700986
2009,transport,-0.46849172
2010,transport,-0.3737181
2011,transport,-0.20359682
2012,transport,-0.17867357
2013,transport,-0.15146128
2014,transport,-0.31676026
2015,transport,-0.35724207
2016,transport,-0.50211883
2017,transport,-0.5469589
1995,ict,-0.75826043
1996,ict,-0.54517993
1997,ict,-0.43216545
1998,ict,-0.65704951
1999,ict,-0.56286797
2000,ict,-0.48900351
2001,ict,-0.4772826
2002,ict,-0.43162212
2003,ict,-0.4643215
2004,ict,-0.54050895
2005,ict,-0.36973913
2006,ict,-0.18502536
2007,ict,-0.25243428
2008,ict,-0.32433444
2009,ict,-0.24783453
2010,ict,-0.33259555
2011,ict,-0.14570992
2012,ict,-0.06714891
2013,ict,-0.00372417
2014,ict,0.11235933
2015,ict,0.04427773
2016,ict,0.04160723
2017,ict,0.30771346
1995,financial,0.45180591
1996,financial,0.23039176
1997,financial,0.05108429
1998,financial,0.26837943
1999,financial,0.39942763
2000,financial,0.66967277
2001,financial,0.79884809
2002,financial,0.95626861
2003,financial,1.4795301
2004,financial,1.5566537
2005,financial,2.4284137
2006,financial,1.7252834
2007,financial,1.8518475
2008,financial,1.7949237
2009,financial,2.0196646
2010,financial,1.8714688
2011,financial,1.1945667
2012,financial,0.76464883
2013,financial,0.48561843
2014,financial,0.65314675
2015,financial,0.95696555
2016,financial,0.46215087
2017,financial,0.52768711
